process_name,arrival_time,duration,priority,start_time,end_time,total_time,waiting_time,average_time,remaining_time
Vane,5,21,5,5.0,26.0,21.0,0,1.0,0
Test1,5,21,5,26.0,47.0,43.0,22,2.0476190476190474,0
Test2,5,21,5,47.0,68.0,64.0,43,3.0476190476190474,0
Beto,10,16,5,68.0,84.0,75.0,59,4.6875,0
Sofi,18,7,4,84.0,91.0,74.0,67,10.571428571428571,0
Test3,30,21,5,91.0,112.0,83.0,62,3.9523809523809526,0
Test4,30,21,5,112.0,133.0,104.0,83,4.9523809523809526,0
