process_name,arrival_time,duration,priority,start_time,end_time,total_time,waiting_time,average_time,remaining_time
A,0,2,3,0.0,2.0,2.0,0,1.0,0
B,1,4,2,2.0,12.0,5.0,1,0.5,0
D,2,3,4,7.0,22.0,3.0,4,0.2,0
F,5,3,5,12.0,29.0,10.0,7,0.5882352941176471,0
C,2,5,1,5.0,34.0,5.0,2,0.1724137931034483,0
G,7,2,5,34.0,35.0,2.0,9,2.0,0
M,19,2,2,35.0,49.0,18.0,16,1.2857142857142858,0
H,7,4,1,49.0,50.0,4.0,11,4.0,0
J,12,5,2,27.0,56.0,5.0,14,0.1724137931034483,0
